{"initial_reset_timestamp": 1587192664.047185, "timestamps": [1587192672.081578, 1587192675.994485, 1587192684.1214159, 1587192690.3265338, 1587192700.769303, 1587192706.8130949, 1587192718.1302688], "episode_lengths": [128, 70, 154, 104, 184, 95, 187], "episode_rewards": [-339.9607162242754, -253.54220937446055, -380.34910048659424, -442.9458719583003, -347.8040982675426, -673.8063696735447, -591.1982523918266], "episode_types": ["t", "t", "t", "t", "t", "t", "t", "t"]}